f,x,y,z
0.00,0.0000,0.0000,0.0000
1.00,0.0008,0.0001,0.0002
2.00,0.0008,0.0002,0.0002
3.00,0.0008,0.0001,0.0001
4.00,0.0008,0.0001,0.0001
5.00,0.0009,0.0001,0.0002
6.00,0.0009,0.0002,0.0002
7.00,0.0009,0.0002,0.0002
8.00,0.0008,0.0002,0.0001
9.00,0.0007,0.0000,0.0001
10.00,0.0009,0.0000,0.0001
11.00,0.0009,0.0000,0.0002
12.00,0.0011,0.0001,0.0002
13.00,0.0014,0.0002,0.0003
14.00,0.0015,0.0002,0.0003
15.00,0.0015,0.0002,0.0002
16.00,0.0019,0.0003,0.0003
17.00,0.0020,0.0003,0.0004
18.00,0.0013,0.0001,0.0002
19.00,0.0019,0.0003,0.0005
20.00,0.0023,0.0004,0.0005
21.00,0.0027,0.0004,0.0005
22.00,0.0040,0.0007,0.0008
23.00,0.0055,0.0010,0.0012
24.00,0.0069,0.0013,0.0016
25.00,0.0081,0.0016,0.0018
26.00,0.0135,0.0027,0.0032
27.00,0.0295,0.0060,0.0074
28.00,0.0471,0.0093,0.0117
29.00,0.0148,0.0027,0.0034
30.00,0.0113,0.0022,0.0027
31.00,0.0054,0.0009,0.0013
32.00,0.0054,0.0010,0.0013
33.00,0.0052,0.0008,0.0012
34.00,0.0041,0.0007,0.0007
35.00,0.0036,0.0005,0.0008
36.00,0.0031,0.0003,0.0007
37.00,0.0024,0.0003,0.0004
38.00,0.0012,0.0002,0.0001
39.00,0.0014,0.0001,0.0001
40.00,0.0021,0.0003,0.0004
41.00,0.0015,0.0003,0.0001
42.00,0.0017,0.0003,0.0003
43.00,0.0018,0.0004,0.0003
44.00,0.0015,0.0004,0.0003
45.00,0.0014,0.0003,0.0003
46.00,0.0013,0.0001,0.0002
47.00,0.0010,0.0003,0.0002
48.00,0.0008,0.0003,0.0001
49.00,0.0009,0.0003,0.0000
50.00,0.0012,0.0004,0.0001
51.00,0.0009,0.0008,0.0001
52.00,0.0009,0.0008,0.0002
53.00,0.0011,0.0010,0.0003
54.00,0.0009,0.0022,0.0004
55.00,0.0012,0.0069,0.0015
56.00,0.0011,0.0058,0.0013
57.00,0.0007,0.0022,0.0004
58.00,0.0005,0.0012,0.0002
59.00,0.0007,0.0007,0.0002
60.00,0.0006,0.0005,0.0002
61.00,0.0008,0.0006,0.0001
62.00,0.0008,0.0005,0.0002
63.00,0.0008,0.0003,0.0001
64.00,0.0006,0.0003,0.0002
65.00,0.0006,0.0002,0.0001
66.00,0.0007,0.0001,0.0000
67.00,0.0004,0.0001,0.0001
68.00,0.0003,0.0002,0.0000
69.00,0.0005,0.0002,0.0000
70.00,0.0005,0.0002,0.0001
71.00,0.0004,0.0002,-0.0000
72.00,0.0006,0.0002,0.0002
73.00,0.0006,0.0001,0.0000
74.00,0.0005,0.0001,0.0001
75.00,0.0004,0.0003,0.0001
76.00,0.0005,0.0003,0.0001
77.00,0.0003,0.0003,-0.0001
78.00,0.0003,0.0003,0.0000
79.00,0.0004,0.0003,0.0002
80.00,0.0005,0.0004,0.0003
81.00,0.0003,0.0005,-0.0000
82.00,0.0007,0.0013,0.0004
83.00,0.0015,0.0038,0.0009
84.00,0.0009,0.0030,0.0007
85.00,0.0003,0.0013,0.0003
86.00,0.0004,0.0009,0.0002
87.00,0.0004,0.0004,-0.0001
88.00,0.0000,0.0005,0.0002
89.00,0.0003,0.0003,0.0001
90.00,0.0003,0.0002,-0.0001
91.00,0.0003,0.0002,0.0001
92.00,0.0002,0.0001,-0.0000
93.00,0.0004,0.0000,0.0001
94.00,0.0003,0.0001,0.0002
95.00,0.0002,0.0000,0.0001
96.00,0.0003,0.0001,0.0000
97.00,0.0002,0.0001,0.0000
98.00,0.0003,0.0000,0.0001
99.00,0.0001,0.0000,0.0001
100.00,0.0005,0.0002,0.0002
101.00,0.0003,0.0001,0.0002
102.00,0.0004,0.0001,0.0001
103.00,0.0003,0.0001,0.0003
104.00,0.0004,0.0001,0.0000
105.00,0.0005,0.0002,0.0002
106.00,0.0004,0.0003,0.0003
107.00,0.0005,0.0003,0.0003
108.00,0.0006,0.0003,0.0003
109.00,0.0014,0.0005,0.0007
110.00,0.0029,0.0014,0.0017
111.00,0.0072,0.0041,0.0048
112.00,0.0049,0.0024,0.0031
113.00,0.0015,0.0007,0.0009
114.00,0.0007,0.0004,0.0003
115.00,0.0007,0.0003,0.0004
116.00,0.0007,0.0003,0.0004
117.00,0.0004,0.0002,0.0003
118.00,0.0004,0.0000,0.0002
119.00,0.0003,0.0001,0.0001
120.00,0.0003,0.0002,0.0002
121.00,0.0003,0.0001,0.0002
122.00,0.0004,0.0001,0.0002
123.00,0.0003,0.0002,0.0003
124.00,0.0002,0.0003,0.0002
125.00,0.0003,0.0003,0.0003
126.00,0.0003,0.0001,0.0002
127.00,0.0003,0.0002,0.0002
128.00,0.0003,0.0001,0.0003
129.00,0.0001,0.0002,0.0002
130.00,0.0003,0.0002,0.0005
131.00,0.0005,0.0003,0.0005
132.00,0.0004,0.0003,0.0005
133.00,0.0005,0.0003,0.0008
134.00,0.0007,0.0005,0.0011
135.00,0.0009,0.0005,0.0009
136.00,0.0011,0.0005,0.0013
137.00,0.0020,0.0013,0.0026
138.00,0.0040,0.0028,0.0052
139.00,0.0069,0.0045,0.0084
140.00,0.0053,0.0034,0.0061
141.00,0.0027,0.0016,0.0030
142.00,0.0011,0.0006,0.0013
143.00,0.0010,0.0006,0.0012
144.00,0.0010,0.0004,0.0009
145.00,0.0007,0.0003,0.0007
146.00,0.0006,0.0001,0.0005
147.00,0.0005,0.0002,0.0007
148.00,0.0006,0.0001,0.0005
149.00,0.0006,-0.0000,0.0002
150.00,0.0004,0.0002,0.0004
151.00,0.0006,0.0000,0.0005
152.00,0.0005,-0.0000,0.0004
153.00,0.0006,0.0002,0.0004
154.00,0.0007,0.0002,0.0004
155.00,0.0005,0.0001,0.0006
156.00,0.0005,0.0001,0.0005
157.00,0.0002,0.0002,0.0003
158.00,0.0004,-0.0000,0.0005
159.00,0.0005,0.0002,0.0004
160.00,0.0005,0.0001,0.0005
161.00,0.0008,0.0000,0.0007
162.00,0.0010,0.0001,0.0015
163.00,0.0010,0.0001,0.0015
164.00,0.0013,0.0002,0.0023
165.00,0.0022,0.0003,0.0036
166.00,0.0037,0.0009,0.0063
167.00,0.0074,0.0016,0.0127
168.00,0.0030,0.0007,0.0053
169.00,0.0011,0.0001,0.0020
170.00,0.0007,0.0001,0.0016
171.00,0.0009,0.0001,0.0014
172.00,0.0009,0.0001,0.0014
173.00,0.0005,-0.0000,0.0009
174.00,0.0005,0.0001,0.0009
175.00,0.0004,0.0001,0.0006
176.00,0.0005,0.0001,0.0003
177.00,0.0004,-0.0000,0.0000
178.00,0.0005,0.0000,0.0005
179.00,0.0007,0.0001,0.0004
180.00,0.0004,0.0001,0.0002
181.00,0.0004,0.0000,0.0005
182.00,0.0007,-0.0001,0.0002
183.00,0.0005,0.0001,0.0003
184.00,0.0004,0.0000,0.0002
185.00,0.0006,-0.0000,0.0003
186.00,0.0008,0.0002,0.0003
187.00,0.0007,0.0001,0.0002
188.00,0.0008,0.0001,0.0004
189.00,0.0016,0.0001,0.0004
190.00,0.0015,0.0001,0.0003
191.00,0.0020,0.0002,0.0007
192.00,0.0029,0.0003,0.0010
193.00,0.0044,0.0006,0.0017
194.00,0.0069,0.0008,0.0028
195.00,0.0188,0.0027,0.0082
196.00,0.0055,0.0007,0.0024
197.00,0.0032,0.0002,0.0014
198.00,0.0020,0.0002,0.0008
199.00,0.0017,0.0003,0.0007
200.00,0.0013,0.0002,0.0005
201.00,0.0011,0.0001,0.0004
202.00,0.0008,-0.0000,0.0004
203.00,0.0007,0.0001,0.0002
204.00,0.0006,0.0000,0.0002
205.00,0.0005,-0.0001,0.0003
206.00,0.0006,0.0001,0.0002
207.00,0.0007,0.0001,0.0003
208.00,0.0005,0.0000,0.0001
209.00,0.0006,0.0001,0.0003
210.00,0.0006,0.0001,0.0004
211.00,0.0004,0.0000,0.0003
212.00,0.0005,-0.0001,0.0002
213.00,0.0005,-0.0000,0.0002
214.00,0.0005,-0.0000,0.0003
215.00,0.0006,-0.0000,0.0005
216.00,0.0008,-0.0001,0.0007
217.00,0.0010,0.0001,0.0009
218.00,0.0012,0.0001,0.0008
219.00,0.0015,0.0001,0.0014
220.00,0.0021,0.0002,0.0021
221.00,0.0033,0.0004,0.0034
222.00,0.0091,0.0012,0.0089
223.00,0.0118,0.0017,0.0122
224.00,0.0026,0.0002,0.0026
225.00,0.0019,0.0002,0.0018
226.00,0.0016,0.0001,0.0016
227.00,0.0012,0.0002,0.0012
228.00,0.0007,0.0000,0.0007
229.00,0.0007,0.0001,0.0008
230.00,0.0005,0.0001,0.0006
231.00,0.0005,0.0000,0.0004
232.00,0.0003,0.0001,0.0004
233.00,0.0004,0.0000,0.0003
234.00,0.0002,0.0000,0.0002
235.00,0.0004,0.0000,0.0002
236.00,0.0003,-0.0000,0.0003
237.00,0.0003,-0.0000,0.0001
238.00,0.0002,-0.0001,0.0002
239.00,0.0003,0.0000,0.0004
240.00,0.0003,0.0000,0.0004
241.00,0.0002,-0.0001,0.0003
242.00,0.0003,0.0000,0.0004
243.00,0.0003,-0.0000,0.0004
244.00,0.0002,-0.0001,0.0003
245.00,0.0002,0.0000,0.0006
246.00,0.0004,0.0000,0.0009
247.00,0.0004,0.0000,0.0011
248.00,0.0006,-0.0000,0.0017
249.00,0.0015,0.0003,0.0030
250.00,0.0051,0.0015,0.0102
251.00,0.0035,0.0010,0.0073
252.00,0.0011,0.0002,0.0024
253.00,0.0007,0.0001,0.0017
254.00,0.0005,-0.0000,0.0011
255.00,0.0002,-0.0000,0.0008
256.00,0.0004,-0.0000,0.0006
257.00,0.0001,-0.0001,0.0004
258.00,0.0003,0.0000,0.0008
259.00,0.0003,0.0001,0.0005
260.00,0.0004,-0.0000,0.0005
261.00,0.0003,0.0001,0.0005
262.00,0.0003,0.0000,0.0007
263.00,0.0002,0.0001,0.0005
264.00,0.0002,-0.0000,0.0004
265.00,0.0002,0.0000,0.0003
266.00,0.0003,-0.0000,0.0002
267.00,0.0002,0.0000,0.0002
268.00,0.0000,-0.0000,0.0002
269.00,0.0003,0.0000,0.0003
270.00,0.0003,0.0002,0.0004
271.00,0.0001,-0.0000,0.0004
272.00,0.0003,0.0000,0.0005
273.00,0.0003,0.0000,0.0008
274.00,0.0004,0.0002,0.0009
275.00,0.0005,0.0001,0.0012
276.00,0.0007,0.0001,0.0017
277.00,0.0011,0.0004,0.0027
278.00,0.0032,0.0014,0.0081
279.00,0.0011,0.0004,0.0033
280.00,0.0005,0.0001,0.0013
281.00,0.0004,0.0001,0.0013
282.00,0.0003,0.0001,0.0007
283.00,0.0003,0.0001,0.0005
284.00,0.0003,0.0001,0.0006
285.00,0.0002,0.0002,0.0005
286.00,0.0001,0.0000,0.0004
287.00,0.0004,-0.0001,0.0005
288.00,0.0002,0.0000,0.0005
289.00,0.0003,0.0000,0.0005
290.00,0.0004,0.0001,0.0007
291.00,0.0004,0.0001,0.0008
292.00,0.0004,0.0000,0.0007
293.00,0.0004,0.0001,0.0006
294.00,0.0004,0.0001,0.0008
295.00,0.0003,0.0000,0.0006
296.00,0.0002,0.0001,0.0003
297.00,0.0004,0.0000,0.0008
298.00,0.0007,0.0000,0.0011
299.00,0.0008,0.0002,0.0012
300.00,0.0010,0.0002,0.0017
301.00,0.0015,0.0004,0.0026
302.00,0.0020,0.0007,0.0030
303.00,0.0024,0.0006,0.0036
304.00,0.0036,0.0010,0.0056
305.00,0.0083,0.0022,0.0127
306.00,0.0166,0.0047,0.0254
307.00,0.0060,0.0015,0.0092
308.00,0.0032,0.0008,0.0054
309.00,0.0020,0.0004,0.0032
310.00,0.0016,0.0003,0.0024
311.00,0.0014,0.0002,0.0023
312.00,0.0011,0.0003,0.0020
313.00,0.0009,0.0001,0.0012
314.00,0.0007,0.0001,0.0012
315.00,0.0005,0.0001,0.0008
316.00,0.0003,0.0000,0.0005
317.00,0.0004,0.0002,0.0007
318.00,0.0005,0.0001,0.0006
319.00,0.0003,0.0001,0.0006
320.00,0.0003,0.0001,0.0008
321.00,0.0006,0.0001,0.0008
322.00,0.0005,0.0002,0.0008
323.00,0.0003,0.0001,0.0006
324.00,0.0003,-0.0000,0.0004
325.00,0.0004,0.0000,0.0005
326.00,0.0003,0.0001,0.0005
327.00,0.0005,0.0001,0.0006
328.00,0.0006,0.0001,0.0006
329.00,0.0006,0.0002,0.0007
330.00,0.0009,0.0002,0.0010
331.00,0.0011,0.0004,0.0011
332.00,0.0022,0.0007,0.0021
333.00,0.0043,0.0016,0.0043
334.00,0.0069,0.0027,0.0066
335.00,0.0032,0.0012,0.0032
336.00,0.0018,0.0007,0.0020
337.00,0.0011,0.0003,0.0011
338.00,0.0007,0.0002,0.0009
339.00,0.0007,0.0002,0.0008
340.00,0.0005,0.0002,0.0008
341.00,0.0005,0.0002,0.0004
342.00,0.0003,0.0000,0.0004
343.00,0.0002,-0.0000,0.0002
344.00,0.0002,-0.0000,0.0002
345.00,0.0002,-0.0000,0.0004
346.00,0.0001,0.0002,0.0002
347.00,0.0002,0.0001,0.0002
348.00,0.0001,0.0001,0.0002
349.00,0.0001,0.0001,0.0002
350.00,0.0001,0.0001,0.0004
351.00,0.0001,0.0002,0.0003
352.00,0.0000,0.0000,0.0002
353.00,0.0000,0.0000,0.0002
354.00,0.0001,0.0001,0.0002
355.00,0.0002,0.0000,0.0002
356.00,0.0001,0.0001,0.0002
357.00,0.0001,0.0002,0.0003
358.00,0.0001,0.0002,0.0003
359.00,0.0000,0.0002,0.0004
360.00,0.0005,0.0006,0.0011
361.00,0.0006,0.0011,0.0021
362.00,0.0005,0.0011,0.0020
363.00,0.0002,0.0007,0.0010
364.00,0.0001,0.0002,0.0008
365.00,0.0001,0.0001,0.0004
366.00,0.0001,0.0001,0.0004
367.00,0.0001,0.0000,0.0004
368.00,0.0001,0.0001,0.0003
369.00,0.0002,0.0001,0.0005
370.00,0.0001,0.0000,0.0003
371.00,0.0002,0.0001,0.0001
372.00,0.0002,0.0001,0.0003
373.00,0.0001,0.0000,0.0002
374.00,0.0000,0.0000,0.0002
375.00,0.0001,-0.0000,0.0003
376.00,0.0001,0.0000,0.0003
377.00,0.0000,-0.0000,0.0002
378.00,0.0000,0.0000,0.0002
379.00,0.0001,0.0001,0.0001
380.00,-0.0001,0.0000,0.0001
381.00,0.0001,0.0001,0.0002
382.00,0.0000,0.0001,0.0003
383.00,0.0001,0.0002,0.0003
384.00,0.0002,0.0002,0.0003
385.00,0.0002,0.0002,0.0005
386.00,0.0003,0.0005,0.0005
387.00,0.0003,0.0005,0.0009
388.00,0.0007,0.0011,0.0018
389.00,0.0023,0.0032,0.0049
390.00,0.0023,0.0031,0.0047
391.00,0.0008,0.0011,0.0015
392.00,0.0003,0.0005,0.0010
393.00,0.0002,0.0003,0.0006
394.00,0.0002,0.0001,0.0005
395.00,0.0002,0.0003,0.0006
396.00,0.0001,0.0002,0.0006
397.00,0.0000,0.0001,0.0004
398.00,0.0001,0.0001,0.0005
399.00,0.0000,0.0001,0.0003
400.00,0.0000,-0.0000,0.0003
401.00,0.0001,0.0000,0.0003
402.00,0.0001,-0.0000,0.0001
403.00,-0.0000,0.0001,0.0002
404.00,0.0001,0.0000,0.0003
405.00,0.0000,0.0001,0.0006
406.00,0.0000,-0.0000,0.0004
407.00,0.0001,0.0000,0.0003
408.00,0.0000,-0.0000,0.0003
409.00,0.0001,0.0000,0.0003
410.00,0.0001,-0.0000,0.0004
411.00,0.0001,0.0001,0.0006
412.00,0.0002,-0.0000,0.0006
413.00,0.0001,0.0000,0.0010
414.00,0.0003,0.0000,0.0015
415.00,0.0003,0.0001,0.0024
416.00,0.0005,0.0002,0.0030
417.00,0.0017,0.0008,0.0077
418.00,0.0014,0.0007,0.0064
419.00,0.0004,0.0001,0.0028
420.00,0.0003,0.0001,0.0014
421.00,0.0001,0.0003,0.0012
422.00,0.0002,0.0000,0.0011
423.00,0.0002,0.0001,0.0010
424.00,0.0002,-0.0000,0.0009
425.00,0.0000,0.0001,0.0007
426.00,0.0001,0.0001,0.0005
427.00,0.0001,0.0000,0.0004
428.00,0.0002,0.0001,0.0005
429.00,0.0001,0.0001,0.0005
430.00,0.0001,0.0001,0.0003
431.00,0.0001,0.0000,0.0004
432.00,0.0001,-0.0000,0.0002
433.00,0.0001,0.0000,0.0005
434.00,-0.0000,-0.0000,0.0005
435.00,0.0001,-0.0000,0.0004
436.00,0.0001,0.0000,0.0005
437.00,0.0002,0.0000,0.0005
438.00,0.0003,0.0000,0.0006
439.00,0.0004,0.0000,0.0007
440.00,0.0004,0.0002,0.0011
441.00,0.0004,0.0001,0.0011
442.00,0.0009,0.0001,0.0014
443.00,0.0013,0.0003,0.0024
444.00,0.0027,0.0005,0.0047
445.00,0.0048,0.0010,0.0086
446.00,0.0044,0.0009,0.0082
447.00,0.0015,0.0002,0.0026
448.00,0.0009,0.0000,0.0014
449.00,0.0006,0.0001,0.0015
450.00,0.0005,0.0001,0.0018
451.00,0.0002,-0.0000,0.0005
452.00,0.0004,0.0000,0.0009
453.00,0.0002,-0.0000,0.0009
454.00,0.0001,0.0000,0.0004
455.00,0.0000,0.0000,0.0004
456.00,0.0002,-0.0000,0.0007
457.00,0.0001,0.0002,0.0005
458.00,0.0001,0.0000,0.0007
459.00,0.0000,-0.0001,0.0005
460.00,0.0001,0.0001,0.0004
461.00,0.0000,0.0000,0.0006
462.00,0.0001,-0.0001,0.0005
463.00,0.0000,-0.0000,0.0003
464.00,0.0001,-0.0001,0.0003
465.00,0.0001,-0.0000,0.0006
466.00,0.0001,0.0000,0.0006
467.00,0.0003,-0.0000,0.0007
468.00,0.0002,0.0000,0.0011
469.00,0.0004,-0.0001,0.0010
470.00,0.0004,0.0000,0.0012
471.00,0.0010,-0.0000,0.0028
472.00,0.0021,0.0001,0.0064
473.00,0.0039,0.0002,0.0112
474.00,0.0018,0.0001,0.0057
475.00,0.0008,0.0001,0.0024
476.00,0.0007,0.0000,0.0021
477.00,0.0003,0.0002,0.0021
478.00,0.0004,0.0000,0.0017
479.00,0.0003,-0.0000,0.0014
480.00,0.0002,0.0000,0.0015
481.00,0.0002,0.0001,0.0009
482.00,0.0002,-0.0000,0.0004
483.00,0.0000,-0.0000,0.0005
484.00,0.0001,-0.0000,0.0005
485.00,0.0001,-0.0001,0.0006
486.00,0.0002,0.0001,0.0005
487.00,0.0002,-0.0000,0.0004
488.00,0.0001,0.0000,0.0005
489.00,0.0000,0.0001,0.0006
490.00,0.0000,-0.0001,0.0003
491.00,0.0000,-0.0001,0.0005
492.00,0.0000,-0.0000,0.0003
493.00,0.0000,0.0000,0.0003
494.00,0.0001,-0.0000,0.0004
495.00,0.0000,0.0000,0.0005
496.00,0.0002,0.0000,0.0006
497.00,0.0001,0.0001,0.0008
498.00,0.0003,0.0001,0.0011
499.00,0.0005,0.0002,0.0020
500.00,0.0012,0.0007,0.0047
501.00,0.0028,0.0014,0.0087
502.00,0.0008,0.0003,0.0031
503.00,0.0004,0.0001,0.0015
504.00,0.0002,0.0000,0.0012
505.00,0.0002,0.0000,0.0010
506.00,0.0001,0.0000,0.0010
507.00,0.0002,-0.0000,0.0009
508.00,0.0001,0.0001,0.0007
509.00,0.0002,0.0001,0.0006
510.00,0.0001,0.0000,0.0004
511.00,0.0002,-0.0000,0.0002
512.00,0.0001,-0.0001,0.0003
513.00,0.0000,-0.0000,0.0005
514.00,0.0001,0.0000,0.0004
515.00,0.0000,-0.0000,0.0002
516.00,0.0000,-0.0000,0.0005
517.00,0.0001,-0.0001,0.0005
518.00,0.0000,-0.0000,0.0002
519.00,0.0001,-0.0000,0.0003
520.00,0.0001,0.0000,0.0002
521.00,0.0001,-0.0000,0.0003
522.00,0.0001,0.0001,0.0003
523.00,0.0001,-0.0000,0.0002
524.00,0.0002,-0.0000,0.0003
525.00,0.0002,0.0000,0.0007
526.00,0.0004,-0.0000,0.0008
527.00,0.0014,0.0003,0.0021
528.00,0.0021,0.0006,0.0034
529.00,0.0026,0.0006,0.0044
530.00,0.0010,0.0002,0.0017
531.00,0.0005,0.0001,0.0013
532.00,0.0003,-0.0000,0.0010
533.00,0.0002,0.0002,0.0009
534.00,0.0002,0.0001,0.0009
535.00,0.0002,0.0000,0.0014
536.00,0.0000,0.0001,0.0008
537.00,0.0001,-0.0000,0.0005
538.00,0.0001,-0.0000,0.0002
539.00,-0.0001,-0.0000,0.0005
540.00,0.0001,-0.0001,0.0005
541.00,0.0000,0.0001,0.0005
542.00,0.0001,-0.0000,0.0001
543.00,-0.0001,-0.0001,0.0003
544.00,0.0001,0.0000,0.0002
545.00,0.0001,-0.0000,0.0001
546.00,-0.0000,0.0001,0.0002
547.00,0.0000,-0.0000,0.0002
548.00,0.0002,0.0001,0.0002
549.00,0.0000,-0.0000,0.0002
550.00,0.0000,0.0000,0.0001
551.00,0.0001,-0.0000,0.0002
552.00,0.0002,0.0000,0.0005
553.00,0.0003,0.0000,0.0003
554.00,0.0004,-0.0000,0.0004
555.00,0.0012,0.0000,0.0012
556.00,0.0022,0.0001,0.0023
557.00,0.0018,0.0001,0.0020
558.00,0.0006,0.0000,0.0008
559.00,0.0003,-0.0001,0.0005
560.00,0.0002,0.0000,0.0006
561.00,0.0001,-0.0000,0.0006
562.00,0.0003,0.0001,0.0004
563.00,0.0001,0.0001,0.0003
564.00,0.0000,0.0001,0.0003
565.00,0.0001,0.0000,0.0002
566.00,-0.0000,-0.0000,0.0001
567.00,0.0000,-0.0000,0.0003
568.00,0.0001,-0.0001,0.0003
569.00,0.0000,-0.0001,0.0002
570.00,0.0001,-0.0000,0.0002
571.00,0.0000,-0.0001,0.0002
572.00,0.0001,-0.0001,0.0000
573.00,0.0000,-0.0000,0.0001
574.00,0.0000,-0.0000,0.0001
575.00,0.0000,-0.0001,0.0001
576.00,0.0001,-0.0001,-0.0001
577.00,0.0001,-0.0000,0.0000
578.00,0.0002,0.0000,-0.0000
579.00,0.0002,0.0001,0.0000
580.00,0.0001,-0.0000,-0.0000
581.00,0.0003,-0.0000,-0.0000
582.00,0.0004,0.0001,0.0001
583.00,0.0006,0.0000,0.0000
584.00,0.0015,0.0004,0.0001
585.00,0.0008,0.0002,0.0002
586.00,0.0004,0.0001,0.0002
587.00,0.0001,0.0000,0.0002
588.00,0.0001,0.0000,0.0002
589.00,0.0000,0.0000,0.0005
590.00,0.0001,-0.0000,0.0003
591.00,0.0000,0.0000,0.0002
592.00,-0.0000,0.0000,0.0002
593.00,0.0002,0.0000,0.0001
594.00,0.0000,0.0000,0.0001
595.00,0.0000,-0.0000,0.0000
596.00,0.0000,0.0001,-0.0001
597.00,0.0000,-0.0001,0.0000
598.00,0.0002,0.0000,0.0001
599.00,0.0000,0.0000,-0.0000
600.00,-0.0001,0.0000,0.0000
601.00,-0.0000,-0.0001,0.0001
602.00,-0.0000,0.0000,-0.0000
603.00,-0.0000,-0.0001,-0.0000
604.00,0.0000,-0.0000,-0.0000
605.00,0.0000,0.0000,0.0000
606.00,-0.0000,-0.0001,0.0000
607.00,0.0000,0.0000,-0.0001
608.00,0.0001,0.0001,0.0000
609.00,0.0001,0.0001,-0.0001
610.00,0.0004,0.0002,0.0001
611.00,0.0004,0.0002,0.0000
612.00,0.0009,0.0004,0.0001
613.00,0.0003,0.0003,0.0001
614.00,0.0002,0.0000,0.0000
615.00,0.0001,0.0002,0.0000
616.00,0.0000,-0.0000,-0.0001
617.00,-0.0000,0.0000,-0.0000
618.00,0.0001,0.0001,0.0000
619.00,0.0000,-0.0000,-0.0000
620.00,0.0001,-0.0000,0.0000
621.00,0.0000,0.0002,-0.0001
622.00,0.0000,-0.0000,0.0001
623.00,-0.0001,-0.0000,0.0000
624.00,0.0001,-0.0000,-0.0001
625.00,0.0001,-0.0000,0.0002
626.00,0.0001,0.0000,0.0000
627.00,0.0001,0.0000,0.0001
628.00,0.0001,0.0001,0.0001
629.00,0.0000,-0.0001,0.0001
630.00,0.0000,-0.0000,-0.0001
631.00,-0.0000,0.0000,0.0000
632.00,0.0000,-0.0000,0.0000
633.00,-0.0000,-0.0000,0.0001
634.00,-0.0000,-0.0001,0.0000
635.00,-0.0000,-0.0000,0.0002
636.00,0.0000,0.0000,-0.0000
637.00,0.0000,0.0001,-0.0001
638.00,0.0002,0.0001,-0.0001
639.00,0.0003,0.0005,-0.0000
640.00,0.0003,0.0004,-0.0000
641.00,0.0002,0.0004,-0.0001
642.00,0.0001,0.0002,0.0001
643.00,0.0001,0.0001,0.0000
644.00,-0.0000,-0.0001,0.0002
645.00,0.0000,0.0000,0.0001
646.00,0.0002,-0.0000,0.0000
647.00,0.0001,-0.0000,0.0001
648.00,-0.0000,-0.0000,0.0000
649.00,0.0000,0.0001,-0.0000
650.00,0.0000,-0.0000,0.0000
651.00,0.0001,0.0000,0.0001
652.00,0.0001,-0.0001,0.0000
653.00,0.0000,-0.0000,0.0001
654.00,-0.0000,0.0001,0.0001
655.00,0.0000,0.0001,0.0000
656.00,-0.0000,0.0000,-0.0000
657.00,0.0000,-0.0000,-0.0000
658.00,-0.0000,0.0001,0.0000
659.00,0.0000,-0.0001,-0.0001
660.00,0.0000,-0.0000,0.0002
661.00,0.0001,-0.0000,0.0000
662.00,0.0001,0.0000,0.0000
663.00,0.0003,-0.0001,0.0001
664.00,0.0003,-0.0000,-0.0001
665.00,0.0005,0.0000,0.0002
666.00,0.0008,-0.0001,0.0001
667.00,0.0018,0.0002,0.0003
668.00,0.0021,0.0001,0.0003
669.00,0.0012,0.0001,0.0003
670.00,0.0005,-0.0000,0.0002
671.00,0.0002,0.0001,0.0001
672.00,0.0002,0.0000,0.0001
673.00,0.0001,-0.0001,0.0002
674.00,0.0001,-0.0001,0.0001
675.00,0.0001,0.0000,-0.0001
676.00,0.0001,-0.0000,0.0000
677.00,0.0001,0.0000,-0.0000
678.00,0.0000,0.0001,0.0000
679.00,0.0001,0.0000,0.0000
680.00,0.0000,0.0000,0.0001
681.00,-0.0000,-0.0001,0.0000
682.00,0.0002,-0.0001,-0.0000
683.00,-0.0000,-0.0000,0.0001
684.00,0.0001,-0.0000,0.0001
685.00,-0.0000,-0.0001,0.0000
686.00,-0.0000,-0.0000,-0.0001
687.00,0.0000,-0.0000,-0.0001
688.00,-0.0000,-0.0000,-0.0000
689.00,0.0001,0.0001,-0.0000
690.00,0.0001,-0.0001,0.0000
691.00,-0.0000,0.0000,0.0002
692.00,0.0000,-0.0000,0.0001
693.00,0.0001,0.0001,0.0000
694.00,0.0003,0.0001,0.0004
695.00,0.0002,0.0002,0.0007
696.00,0.0005,0.0002,0.0008
697.00,0.0001,0.0000,0.0004
698.00,0.0002,-0.0000,0.0002
699.00,-0.0000,-0.0000,0.0001
700.00,0.0000,-0.0000,0.0003
701.00,0.0000,0.0000,0.0001
702.00,0.0002,0.0000,0.0002
703.00,0.0002,-0.0000,0.0001
704.00,-0.0000,0.0000,-0.0001
705.00,0.0000,0.0000,-0.0000
706.00,0.0000,-0.0001,0.0000
707.00,-0.0000,-0.0001,0.0001
708.00,-0.0001,0.0001,-0.0000
709.00,-0.0001,-0.0000,-0.0001
710.00,0.0000,-0.0000,0.0001
711.00,0.0001,0.0000,-0.0000
712.00,-0.0000,0.0000,0.0002
713.00,0.0000,-0.0001,0.0001
714.00,-0.0000,0.0000,0.0001
715.00,-0.0000,-0.0000,-0.0000
716.00,0.0000,-0.0000,-0.0000
717.00,0.0001,0.0000,0.0000
718.00,0.0000,0.0001,-0.0000
719.00,0.0001,-0.0000,0.0001
720.00,-0.0000,-0.0001,0.0001
721.00,0.0001,-0.0000,0.0001
722.00,0.0002,0.0001,0.0005
723.00,0.0005,0.0001,0.0005
724.00,0.0006,0.0002,0.0008
725.00,0.0003,-0.0000,0.0002
726.00,0.0001,-0.0000,0.0000
727.00,0.0001,0.0001,0.0001
728.00,-0.0001,-0.0001,-0.0001
729.00,0.0000,-0.0001,-0.0000
730.00,0.0001,0.0001,0.0001
731.00,-0.0000,0.0001,-0.0002
732.00,-0.0001,0.0000,0.0001
733.00,0.0000,-0.0000,0.0001
734.00,0.0001,-0.0000,0.0001
735.00,0.0001,-0.0001,-0.0000
736.00,0.0000,-0.0001,0.0000
737.00,0.0000,0.0000,0.0000
738.00,0.0000,-0.0000,0.0000
739.00,0.0001,-0.0000,0.0000
740.00,0.0000,-0.0001,-0.0001
741.00,0.0000,-0.0000,-0.0001
742.00,0.0001,-0.0001,-0.0000
743.00,-0.0001,0.0001,0.0000
744.00,0.0000,-0.0000,0.0001
745.00,0.0001,-0.0001,0.0001
746.00,0.0001,-0.0000,0.0002
747.00,0.0001,0.0000,0.0004
748.00,0.0002,0.0001,0.0003
749.00,0.0007,0.0001,0.0006
750.00,0.0008,0.0001,0.0007
751.00,0.0015,0.0003,0.0012
752.00,0.0013,0.0002,0.0009
753.00,0.0003,-0.0000,0.0003
754.00,0.0001,-0.0001,0.0003
755.00,0.0000,0.0001,0.0004
756.00,0.0000,0.0001,0.0002
757.00,0.0000,-0.0001,0.0002
758.00,-0.0001,-0.0000,0.0005
759.00,-0.0001,-0.0000,0.0002
760.00,-0.0001,-0.0000,0.0002
761.00,-0.0000,0.0000,0.0001
762.00,0.0001,0.0001,0.0001
763.00,-0.0000,0.0000,0.0002
764.00,0.0001,0.0000,0.0003
765.00,-0.0001,0.0001,0.0000
766.00,0.0000,-0.0000,0.0001
767.00,0.0001,-0.0001,0.0002
768.00,-0.0000,0.0000,-0.0000
769.00,0.0001,0.0001,-0.0000
770.00,0.0001,-0.0001,0.0001
771.00,0.0001,-0.0000,0.0002
772.00,0.0002,-0.0001,0.0001
773.00,0.0000,0.0001,0.0002
774.00,0.0002,0.0000,0.0001
775.00,0.0000,0.0000,0.0002
776.00,0.0002,0.0000,0.0004
777.00,0.0005,0.0001,0.0008
778.00,0.0004,0.0001,0.0005
779.00,0.0011,0.0004,0.0017
780.00,0.0006,0.0001,0.0008
781.00,0.0002,0.0000,0.0003
782.00,0.0001,0.0000,0.0002
783.00,0.0001,-0.0000,0.0003
784.00,0.0001,0.0000,0.0003
785.00,0.0001,-0.0000,0.0001
786.00,0.0002,-0.0000,0.0002
787.00,0.0001,-0.0001,0.0002
788.00,0.0001,0.0000,0.0002
789.00,-0.0001,0.0001,0.0000
790.00,0.0000,0.0001,0.0002
791.00,0.0001,-0.0001,0.0001
792.00,0.0000,-0.0000,0.0000
793.00,-0.0001,0.0000,0.0002
794.00,-0.0000,-0.0000,-0.0001
795.00,0.0000,-0.0001,0.0001
796.00,0.0000,-0.0000,-0.0000
797.00,-0.0000,-0.0000,0.0000
798.00,0.0000,-0.0000,0.0001
799.00,-0.0000,0.0000,0.0003
800.00,0.0001,0.0001,0.0002
801.00,0.0001,-0.0001,0.0001
802.00,-0.0000,-0.0000,0.0002
803.00,0.0001,0.0001,0.0004
804.00,0.0002,0.0000,0.0006
805.00,0.0001,0.0002,0.0006
806.00,0.0003,0.0003,0.0010
807.00,0.0003,0.0002,0.0016
808.00,0.0001,0.0002,0.0006
809.00,0.0000,-0.0000,0.0003
810.00,0.0001,-0.0000,0.0002
811.00,0.0001,-0.0002,0.0002
812.00,0.0000,-0.0000,0.0002
813.00,0.0001,-0.0000,-0.0000
814.00,0.0000,0.0000,0.0001
815.00,0.0000,-0.0000,0.0001
816.00,0.0001,0.0000,0.0002
817.00,-0.0000,-0.0000,0.0001
818.00,-0.0000,0.0000,-0.0000
819.00,-0.0000,0.0000,-0.0001
820.00,-0.0000,-0.0001,0.0000
821.00,0.0001,-0.0000,0.0001
822.00,-0.0000,-0.0001,0.0004
823.00,0.0000,-0.0000,0.0002
824.00,-0.0000,-0.0001,-0.0000
825.00,0.0000,-0.0001,0.0000
826.00,-0.0000,-0.0000,0.0001
827.00,0.0001,0.0000,0.0002
828.00,0.0001,0.0000,-0.0001
829.00,0.0001,0.0000,-0.0000
830.00,-0.0000,-0.0000,0.0002
831.00,0.0001,0.0001,0.0002
832.00,0.0001,0.0000,0.0004
833.00,0.0000,-0.0000,0.0004
834.00,0.0002,0.0002,0.0009
835.00,0.0004,0.0002,0.0011
836.00,0.0002,0.0002,0.0006
837.00,0.0002,0.0000,0.0003
838.00,0.0000,-0.0001,0.0002
839.00,-0.0000,-0.0001,0.0001
840.00,-0.0001,-0.0000,0.0000
841.00,0.0001,0.0002,-0.0000
842.00,0.0000,-0.0000,0.0001
843.00,0.0001,-0.0000,0.0002
844.00,0.0002,-0.0000,0.0001
845.00,0.0001,-0.0000,0.0000
846.00,0.0001,-0.0000,-0.0001
847.00,0.0001,-0.0000,0.0001
848.00,0.0000,-0.0001,0.0001
849.00,-0.0000,-0.0001,0.0001
850.00,0.0000,0.0000,-0.0000
851.00,-0.0000,0.0000,0.0000
852.00,-0.0000,-0.0001,0.0001
853.00,0.0000,0.0001,-0.0001
854.00,0.0000,0.0000,0.0001
855.00,0.0001,-0.0000,0.0002
856.00,0.0000,0.0001,0.0002
857.00,0.0002,-0.0000,0.0001
858.00,-0.0001,-0.0000,0.0002
859.00,0.0001,-0.0000,0.0005
860.00,0.0004,0.0002,0.0005
861.00,0.0003,0.0000,0.0007
862.00,0.0007,0.0000,0.0014
863.00,0.0006,0.0001,0.0013
864.00,0.0002,0.0000,0.0006
865.00,0.0001,-0.0000,0.0006
866.00,0.0001,-0.0000,0.0002
867.00,0.0001,-0.0001,0.0004
868.00,-0.0000,-0.0001,0.0002
869.00,0.0000,0.0000,0.0003
870.00,0.0001,0.0000,0.0002
871.00,0.0000,-0.0001,0.0001
872.00,0.0001,0.0001,0.0002
873.00,-0.0000,-0.0000,0.0002
874.00,0.0000,-0.0001,0.0002
875.00,0.0000,0.0001,0.0001
876.00,-0.0001,-0.0000,0.0001
877.00,0.0001,0.0001,-0.0001
878.00,-0.0001,-0.0001,0.0000
879.00,-0.0000,-0.0001,-0.0001
880.00,-0.0000,-0.0001,-0.0001
881.00,0.0001,-0.0000,0.0002
882.00,0.0000,-0.0000,0.0001
883.00,0.0000,-0.0000,0.0002
884.00,-0.0001,-0.0001,0.0000
885.00,0.0000,-0.0000,0.0003
886.00,0.0000,0.0001,0.0003
887.00,0.0001,0.0000,0.0003
888.00,0.0001,-0.0000,0.0004
889.00,0.0003,0.0001,0.0010
890.00,0.0006,0.0003,0.0014
891.00,0.0006,0.0004,0.0013
892.00,0.0003,0.0001,0.0008
893.00,0.0001,0.0000,0.0004
894.00,0.0001,0.0000,0.0003
895.00,0.0000,0.0001,0.0003
896.00,0.0001,0.0001,0.0004
897.00,-0.0000,0.0001,0.0002
898.00,-0.0001,0.0000,0.0000
899.00,0.0000,0.0001,-0.0001
900.00,0.0000,0.0000,0.0000
901.00,0.0001,0.0000,0.0002
902.00,0.0001,-0.0000,0.0000
903.00,0.0000,-0.0000,0.0002
904.00,-0.0000,0.0000,0.0001
905.00,0.0000,-0.0001,0.0001
906.00,-0.0000,-0.0000,0.0000
907.00,-0.0000,0.0000,0.0001
908.00,0.0000,-0.0000,0.0001
909.00,-0.0001,-0.0000,-0.0001
910.00,-0.0001,0.0000,0.0001
911.00,-0.0000,0.0001,0.0001
912.00,0.0000,0.0000,0.0002
913.00,0.0000,-0.0000,0.0001
914.00,0.0001,0.0001,0.0001
915.00,0.0002,0.0001,0.0004
916.00,0.0003,0.0002,0.0007
917.00,0.0005,0.0004,0.0013
918.00,0.0006,0.0006,0.0016
919.00,0.0005,0.0005,0.0013
920.00,0.0002,0.0003,0.0008
921.00,0.0001,0.0001,0.0004
922.00,0.0000,0.0000,0.0002
923.00,0.0000,0.0001,0.0001
924.00,-0.0000,0.0000,0.0004
925.00,0.0000,0.0000,0.0001
926.00,0.0001,-0.0001,0.0001
927.00,0.0001,0.0000,0.0001
928.00,0.0000,0.0001,0.0001
929.00,0.0001,-0.0000,0.0001
930.00,0.0000,-0.0000,0.0002
931.00,0.0000,-0.0001,0.0001
932.00,-0.0000,0.0001,0.0001
933.00,0.0000,-0.0000,0.0001
934.00,-0.0000,-0.0000,0.0001
935.00,0.0000,0.0000,0.0001
936.00,0.0000,-0.0000,0.0001
937.00,-0.0000,0.0001,0.0000
938.00,-0.0000,0.0000,0.0002
939.00,0.0000,0.0000,0.0001
940.00,0.0000,0.0000,0.0001
941.00,-0.0001,-0.0000,0.0001
942.00,0.0000,0.0000,0.0002
943.00,0.0002,0.0001,0.0004
944.00,0.0003,0.0003,0.0009
945.00,0.0004,0.0004,0.0007
946.00,0.0005,0.0005,0.0014
947.00,0.0006,0.0005,0.0011
948.00,0.0002,0.0001,0.0005
949.00,0.0001,-0.0000,0.0002
950.00,0.0001,0.0001,0.0003
951.00,0.0000,0.0001,0.0002
952.00,-0.0000,-0.0000,0.0001
953.00,-0.0000,0.0000,0.0000
954.00,-0.0000,-0.0001,0.0001
955.00,-0.0000,-0.0000,0.0002
956.00,-0.0000,-0.0000,0.0000
957.00,-0.0001,-0.0000,-0.0001
958.00,0.0000,-0.0001,0.0000
959.00,0.0001,-0.0001,-0.0001
960.00,-0.0000,-0.0001,0.0001
961.00,-0.0001,0.0000,0.0000
962.00,0.0001,-0.0001,0.0001
963.00,0.0000,-0.0001,-0.0000
964.00,0.0002,-0.0000,-0.0000
965.00,0.0000,0.0001,0.0000
966.00,0.0000,-0.0001,-0.0001
967.00,-0.0001,-0.0000,0.0000
968.00,-0.0001,0.0000,0.0000
969.00,-0.0000,-0.0000,0.0002
970.00,0.0001,0.0001,0.0001
971.00,0.0001,0.0000,0.0003
972.00,0.0002,0.0001,0.0004
973.00,0.0002,0.0000,0.0003
974.00,0.0003,0.0003,0.0005
975.00,0.0002,0.0000,0.0004
976.00,0.0002,-0.0001,0.0001
977.00,0.0000,0.0000,-0.0000
978.00,0.0001,0.0000,0.0001
979.00,0.0000,0.0000,0.0002
980.00,-0.0000,0.0000,0.0000
981.00,0.0000,-0.0001,0.0001
982.00,0.0000,0.0001,0.0001
983.00,0.0000,0.0001,0.0000
984.00,0.0000,-0.0001,-0.0001
985.00,0.0000,-0.0000,0.0001
986.00,0.0000,-0.0000,0.0001
987.00,-0.0000,-0.0000,0.0001
988.00,0.0000,0.0001,0.0000
989.00,-0.0001,-0.0001,0.0001
990.00,0.0001,-0.0001,0.0000
991.00,-0.0000,0.0000,-0.0001
992.00,0.0000,0.0000,0.0001
993.00,0.0000,-0.0000,-0.0000
994.00,0.0000,0.0001,0.0001
995.00,0.0001,-0.0001,0.0001
996.00,-0.0000,-0.0000,0.0001
997.00,-0.0000,-0.0000,0.0003
998.00,-0.0000,0.0000,0.0001
999.00,0.0003,0.0001,0.0004
1000.00,0.0002,0.0001,0.0004
1001.00,0.0006,0.0002,0.0006
1002.00,0.0008,0.0003,0.0010
1003.00,0.0006,0.0001,0.0006
1004.00,0.0001,0.0001,0.0001
1005.00,0.0000,0.0000,0.0002
1006.00,0.0001,0.0001,0.0001
1007.00,0.0001,-0.0000,0.0002
1008.00,0.0000,-0.0000,0.0001
1009.00,-0.0001,0.0001,-0.0001
1010.00,-0.0000,0.0000,0.0001
1011.00,0.0000,0.0001,0.0001
1012.00,-0.0000,-0.0000,0.0001
1013.00,0.0001,-0.0001,-0.0000
1014.00,0.0001,-0.0000,-0.0001
1015.00,0.0000,0.0000,-0.0001
1016.00,0.0001,0.0001,-0.0000
1017.00,0.0000,-0.0000,0.0001
1018.00,0.0001,0.0000,0.0000
1019.00,-0.0000,0.0000,-0.0000
1020.00,0.0001,0.0000,-0.0000
1021.00,-0.0000,-0.0000,0.0000
1022.00,0.0001,0.0000,0.0000
1023.00,0.0000,-0.0000,-0.0000
1024.00,0.0000,-0.0001,0.0001
1025.00,0.0000,0.0000,-0.0001
1026.00,0.0001,0.0000,0.0001
1027.00,0.0004,0.0000,0.0003
1028.00,0.0003,0.0000,0.0004
1029.00,0.0007,0.0002,0.0008
1030.00,0.0009,0.0001,0.0008
1031.00,0.0002,-0.0000,0.0003
1032.00,0.0003,-0.0000,0.0003
1033.00,0.0000,0.0000,0.0001
1034.00,0.0002,-0.0000,0.0001
1035.00,0.0001,-0.0000,-0.0000
1036.00,0.0001,0.0001,-0.0001
1037.00,0.0001,0.0001,0.0001
1038.00,-0.0000,-0.0000,-0.0000
1039.00,0.0001,-0.0000,-0.0000
1040.00,0.0000,0.0000,0.0001
1041.00,-0.0000,0.0000,0.0001
1042.00,0.0000,-0.0001,0.0001
1043.00,0.0001,0.0001,0.0001
1044.00,-0.0000,-0.0000,-0.0001
1045.00,0.0001,-0.0001,-0.0000
1046.00,0.0000,-0.0000,-0.0001
1047.00,0.0001,-0.0001,0.0001
1048.00,0.0002,0.0000,-0.0001
1049.00,0.0001,-0.0000,-0.0000
1050.00,0.0002,0.0000,0.0000
1051.00,0.0001,-0.0001,0.0001
1052.00,0.0001,-0.0001,-0.0001
1053.00,0.0002,0.0001,0.0001
1054.00,0.0003,0.0001,0.0003
1055.00,0.0005,0.0000,0.0003
1056.00,0.0007,0.0001,0.0006
1057.00,0.0014,0.0001,0.0010
1058.00,0.0010,0.0002,0.0010
1059.00,0.0004,0.0001,0.0003
1060.00,0.0001,0.0000,0.0002
1061.00,0.0001,-0.0000,-0.0000
1062.00,0.0003,-0.0001,0.0000
1063.00,0.0001,-0.0000,0.0001
1064.00,0.0001,-0.0001,0.0001
1065.00,0.0001,0.0000,0.0000
1066.00,-0.0001,-0.0000,0.0001
1067.00,-0.0000,0.0000,0.0001
1068.00,-0.0001,-0.0001,0.0001
1069.00,0.0001,0.0000,-0.0000
1070.00,-0.0001,-0.0001,0.0001
1071.00,0.0001,-0.0000,0.0000
1072.00,0.0001,-0.0001,-0.0000
1073.00,0.0001,0.0000,-0.0000
1074.00,0.0000,-0.0000,-0.0000
1075.00,0.0001,-0.0001,0.0000
1076.00,0.0001,0.0000,-0.0000
1077.00,0.0001,-0.0001,-0.0001
1078.00,-0.0000,0.0000,0.0000
1079.00,0.0000,-0.0000,0.0001
1080.00,0.0002,-0.0000,-0.0000
1081.00,0.0002,-0.0000,0.0000
1082.00,0.0002,0.0001,0.0003
1083.00,0.0001,-0.0001,0.0002
1084.00,0.0002,0.0000,0.0005
1085.00,0.0008,-0.0000,0.0009
1086.00,0.0005,-0.0000,0.0005
1087.00,0.0002,0.0001,0.0003
1088.00,0.0001,-0.0000,0.0002
1089.00,0.0001,-0.0000,0.0000
1090.00,0.0001,-0.0001,0.0001
1091.00,0.0001,0.0000,-0.0001
1092.00,0.0001,0.0000,0.0001
1093.00,-0.0000,0.0000,0.0001
1094.00,0.0000,0.0000,0.0001
1095.00,-0.0000,-0.0001,-0.0001
1096.00,0.0000,-0.0000,-0.0000
1097.00,-0.0000,0.0000,-0.0000
1098.00,0.0000,-0.0000,-0.0000
1099.00,0.0000,-0.0000,0.0001
1100.00,0.0000,0.0001,0.0000
1101.00,0.0000,-0.0000,0.0000
1102.00,0.0001,-0.0000,0.0001
1103.00,0.0000,0.0000,0.0001
1104.00,0.0000,0.0001,-0.0000
1105.00,0.0001,-0.0001,0.0001
1106.00,-0.0001,-0.0001,0.0001
1107.00,0.0001,-0.0001,0.0001
1108.00,0.0001,-0.0001,0.0000
1109.00,0.0001,0.0001,0.0001
1110.00,0.0001,0.0000,0.0002
1111.00,0.0002,0.0001,0.0004
1112.00,0.0005,-0.0001,0.0007
1113.00,0.0006,0.0002,0.0010
1114.00,0.0004,0.0001,0.0007
1115.00,0.0001,-0.0000,0.0003
1116.00,0.0002,0.0000,0.0001
1117.00,0.0001,-0.0000,0.0001
1118.00,-0.0000,-0.0000,0.0002
1119.00,0.0001,-0.0000,0.0001
1120.00,0.0001,0.0001,0.0001
1121.00,0.0000,0.0000,-0.0000
1122.00,0.0000,0.0001,0.0000
1123.00,0.0000,-0.0001,-0.0001
1124.00,-0.0000,-0.0001,0.0000
1125.00,-0.0000,0.0000,0.0001
1126.00,-0.0000,-0.0000,-0.0000
1127.00,-0.0000,-0.0000,0.0001
1128.00,-0.0001,0.0000,-0.0000
1129.00,-0.0000,-0.0001,0.0002
1130.00,-0.0000,-0.0001,-0.0000
1131.00,0.0000,0.0001,0.0000
1132.00,0.0002,0.0001,-0.0000
1133.00,0.0002,0.0000,0.0000
1134.00,-0.0000,-0.0000,0.0001
1135.00,0.0000,0.0001,0.0001
1136.00,0.0000,-0.0001,0.0002
1137.00,0.0002,0.0000,0.0002
1138.00,0.0002,0.0000,0.0003
1139.00,0.0003,-0.0000,0.0007
1140.00,0.0004,0.0001,0.0007
1141.00,0.0006,0.0001,0.0011
1142.00,0.0004,-0.0000,0.0008
1143.00,0.0001,-0.0000,0.0002
1144.00,0.0001,-0.0000,0.0002
1145.00,0.0000,0.0001,0.0002
1146.00,0.0000,-0.0001,0.0001
1147.00,0.0001,0.0000,0.0001
1148.00,0.0000,0.0000,0.0002
1149.00,-0.0000,0.0001,0.0000
1150.00,0.0000,-0.0000,0.0001
1151.00,-0.0000,-0.0001,0.0000
1152.00,-0.0000,0.0000,0.0000
1153.00,-0.0000,-0.0001,0.0001
1154.00,0.0000,0.0000,0.0000
1155.00,0.0001,0.0001,0.0002
1156.00,-0.0000,0.0001,-0.0000
1157.00,0.0001,-0.0000,0.0001
1158.00,0.0001,0.0000,0.0000
1159.00,0.0001,-0.0000,0.0001
1160.00,0.0001,-0.0000,0.0001
1161.00,0.0001,-0.0000,0.0001
1162.00,0.0001,0.0000,0.0001
1163.00,-0.0000,0.0000,0.0000
1164.00,-0.0000,0.0000,0.0001
1165.00,0.0002,0.0000,0.0004
1166.00,0.0001,-0.0000,0.0005
1167.00,-0.0000,0.0000,0.0007
1168.00,0.0001,0.0000,0.0008
1169.00,0.0003,-0.0000,0.0013
1170.00,0.0001,-0.0001,0.0008
1171.00,0.0000,0.0000,0.0004
1172.00,0.0000,0.0000,0.0001
1173.00,-0.0001,0.0000,0.0002
1174.00,0.0000,-0.0001,0.0001
1175.00,-0.0000,-0.0000,-0.0000
1176.00,-0.0000,-0.0001,0.0001
1177.00,-0.0000,-0.0000,-0.0001
1178.00,-0.0000,-0.0000,0.0000
1179.00,-0.0000,0.0000,0.0001
1180.00,0.0000,0.0000,-0.0000
1181.00,-0.0000,-0.0000,-0.0001
1182.00,-0.0001,0.0000,-0.0001
1183.00,-0.0000,-0.0001,0.0002
1184.00,-0.0000,-0.0000,0.0000
1185.00,-0.0001,-0.0001,0.0000
1186.00,0.0000,-0.0001,0.0001
1187.00,0.0001,-0.0000,0.0001
1188.00,0.0000,0.0000,0.0001
1189.00,0.0001,-0.0000,0.0000
1190.00,0.0000,-0.0000,0.0000
1191.00,-0.0000,0.0001,0.0001
1192.00,0.0001,0.0000,0.0000
1193.00,-0.0001,-0.0000,0.0002
1194.00,0.0001,0.0000,0.0006
1195.00,0.0001,0.0000,0.0006
1196.00,-0.0000,-0.0000,0.0006
1197.00,0.0001,0.0001,0.0007
1198.00,0.0001,0.0000,0.0005
1199.00,0.0001,-0.0000,0.0001
1200.00,0.0000,-0.0001,0.0000
1201.00,-0.0001,-0.0001,0.0002
1202.00,0.0001,0.0000,0.0000
1203.00,-0.0001,-0.0000,0.0000
1204.00,-0.0000,0.0000,-0.0002
1205.00,0.0000,0.0001,0.0001
1206.00,0.0001,-0.0000,0.0001
1207.00,0.0001,-0.0000,0.0000
1208.00,0.0000,-0.0000,-0.0000
1209.00,0.0000,-0.0001,0.0001
1210.00,-0.0000,0.0000,-0.0001
1211.00,0.0000,-0.0001,-0.0000
1212.00,-0.0000,0.0000,-0.0001
1213.00,-0.0000,0.0001,0.0001
1214.00,0.0000,0.0001,-0.0001
1215.00,0.0000,-0.0000,0.0001
1216.00,0.0000,-0.0000,0.0001
1217.00,-0.0000,-0.0001,0.0001
1218.00,0.0001,-0.0001,-0.0000
1219.00,-0.0001,-0.0000,-0.0000
1220.00,-0.0001,-0.0000,0.0003
1221.00,-0.0001,-0.0001,0.0001
1222.00,0.0000,0.0001,0.0004
1223.00,0.0000,-0.0001,0.0003
1224.00,0.0000,-0.0000,0.0003
1225.00,0.0001,0.0000,0.0005
1226.00,0.0000,0.0001,0.0003
1227.00,0.0000,0.0001,0.0002
1228.00,0.0000,-0.0000,0.0004
1229.00,0.0000,0.0001,0.0000
1230.00,0.0000,-0.0000,0.0002
1231.00,0.0000,0.0000,-0.0000
1232.00,0.0001,0.0001,0.0003
1233.00,0.0001,0.0000,0.0001
1234.00,-0.0000,-0.0000,0.0000
1235.00,-0.0001,0.0000,0.0001
1236.00,-0.0000,0.0000,-0.0000
1237.00,-0.0000,-0.0000,0.0001
1238.00,0.0000,0.0000,0.0000
1239.00,-0.0001,-0.0000,-0.0000
1240.00,0.0001,-0.0000,-0.0001
1241.00,0.0000,-0.0001,-0.0001
1242.00,0.0000,-0.0000,0.0001
1243.00,0.0000,-0.0001,0.0000
1244.00,-0.0000,-0.0000,0.0001
1245.00,-0.0000,0.0001,0.0000
1246.00,0.0001,0.0000,-0.0000
1247.00,0.0000,0.0000,0.0001
1248.00,0.0000,0.0001,0.0000
1249.00,-0.0001,0.0000,0.0001
1250.00,0.0000,-0.0001,0.0002
1251.00,0.0001,-0.0000,0.0001
1252.00,-0.0000,0.0000,0.0002
1253.00,0.0002,0.0000,0.0002
1254.00,0.0001,0.0001,0.0002
1255.00,0.0000,0.0000,0.0001
1256.00,0.0001,-0.0001,-0.0000
1257.00,0.0001,0.0000,0.0000
1258.00,-0.0000,-0.0001,0.0002
1259.00,0.0000,-0.0001,-0.0001
1260.00,0.0000,0.0000,0.0001
1261.00,-0.0000,0.0001,0.0001
1262.00,-0.0000,-0.0001,0.0001
1263.00,-0.0000,-0.0001,0.0002
1264.00,-0.0000,-0.0001,0.0001
1265.00,0.0000,-0.0000,-0.0001
1266.00,0.0000,-0.0001,0.0001
1267.00,-0.0001,-0.0000,0.0001
1268.00,0.0000,-0.0001,-0.0001
1269.00,0.0001,-0.0000,-0.0000
1270.00,0.0001,0.0000,0.0001
1271.00,-0.0000,-0.0000,0.0000
1272.00,0.0001,0.0000,-0.0001
1273.00,-0.0000,0.0000,0.0001
1274.00,0.0000,0.0001,0.0000
1275.00,-0.0000,0.0001,0.0001
1276.00,0.0000,0.0001,0.0003
1277.00,0.0000,-0.0000,0.0002
1278.00,0.0000,0.0001,-0.0000
1279.00,0.0000,-0.0001,0.0003
1280.00,0.0001,-0.0000,0.0004
1281.00,0.0001,-0.0000,0.0004
1282.00,-0.0001,0.0001,0.0002
1283.00,-0.0000,0.0000,-0.0000
1284.00,0.0001,0.0000,0.0001
1285.00,0.0000,0.0000,0.0000
1286.00,-0.0001,0.0001,0.0001
1287.00,0.0000,-0.0001,0.0001
1288.00,0.0000,-0.0000,0.0000
1289.00,0.0001,-0.0000,0.0001
1290.00,0.0001,0.0001,0.0001
1291.00,0.0000,-0.0001,0.0001
1292.00,0.0001,-0.0001,-0.0001
1293.00,0.0000,-0.0000,0.0000
1294.00,0.0000,0.0000,0.0002
1295.00,0.0001,-0.0001,0.0001
1296.00,-0.0000,0.0000,-0.0000
1297.00,-0.0000,-0.0001,0.0001
1298.00,0.0000,0.0000,-0.0000
1299.00,-0.0000,0.0000,0.0001
1300.00,-0.0001,0.0000,-0.0000
1301.00,0.0000,0.0001,-0.0001
1302.00,-0.0000,-0.0000,-0.0000
1303.00,-0.0000,-0.0000,0.0001
1304.00,0.0000,0.0001,0.0002
1305.00,0.0000,0.0000,0.0002
1306.00,0.0000,-0.0000,0.0002
1307.00,0.0000,-0.0000,0.0005
1308.00,0.0000,0.0001,0.0007
1309.00,0.0000,-0.0000,0.0003
1310.00,0.0001,-0.0000,0.0002
1311.00,-0.0000,-0.0001,0.0001
1312.00,-0.0000,-0.0001,0.0000
1313.00,0.0001,0.0000,0.0001
1314.00,0.0001,0.0000,0.0001
1315.00,0.0001,-0.0000,0.0001
1316.00,-0.0001,0.0001,-0.0001
1317.00,-0.0000,0.0000,-0.0001
1318.00,-0.0000,-0.0001,0.0001
1319.00,-0.0000,0.0000,0.0001
1320.00,0.0001,0.0001,-0.0001
1321.00,-0.0000,-0.0001,0.0000
1322.00,0.0001,0.0001,-0.0000
1323.00,0.0000,-0.0001,-0.0000
1324.00,-0.0000,0.0001,0.0000
1325.00,-0.0000,0.0000,-0.0000
1326.00,-0.0002,0.0000,-0.0000
1327.00,-0.0000,0.0000,0.0001
1328.00,-0.0000,-0.0000,0.0000
1329.00,-0.0001,0.0000,0.0001
1330.00,-0.0000,-0.0001,0.0001
1331.00,0.0001,0.0001,-0.0001
1332.00,0.0000,-0.0000,0.0003
1333.00,-0.0001,0.0000,0.0003
1334.00,0.0000,-0.0000,0.0004
1335.00,-0.0001,0.0001,0.0007
1336.00,0.0000,0.0000,0.0008
1337.00,0.0000,-0.0000,0.0006
1338.00,0.0000,-0.0001,0.0003
1339.00,-0.0001,-0.0000,0.0003
1340.00,-0.0000,-0.0001,0.0002
1341.00,-0.0000,-0.0000,0.0002
1342.00,0.0000,0.0000,0.0001
1343.00,0.0000,0.0000,-0.0000
1344.00,-0.0000,0.0001,0.0000
1345.00,0.0000,-0.0001,0.0001
1346.00,0.0000,0.0000,0.0001
1347.00,0.0001,-0.0001,0.0001
1348.00,-0.0000,0.0001,0.0002
1349.00,0.0000,-0.0000,-0.0000
1350.00,0.0000,0.0000,0.0002
1351.00,-0.0000,0.0000,0.0000
1352.00,0.0000,0.0001,0.0000
1353.00,0.0000,0.0001,-0.0000
1354.00,-0.0001,-0.0001,0.0000
1355.00,0.0000,0.0001,0.0000
1356.00,0.0000,0.0001,0.0001
1357.00,0.0000,0.0000,0.0001
1358.00,-0.0001,0.0001,0.0002
1359.00,-0.0000,0.0002,0.0006
1360.00,0.0001,0.0001,0.0006
1361.00,-0.0000,0.0001,0.0007
1362.00,0.0000,0.0001,0.0008
1363.00,0.0001,0.0000,0.0013
1364.00,0.0000,-0.0000,0.0013
1365.00,0.0001,-0.0000,0.0007
1366.00,0.0001,0.0000,0.0003
1367.00,0.0000,0.0001,0.0003
1368.00,-0.0000,0.0000,0.0002
1369.00,-0.0000,-0.0001,0.0004
1370.00,0.0000,-0.0000,0.0003
1371.00,-0.0002,0.0001,0.0000
1372.00,0.0001,-0.0001,0.0002
1373.00,-0.0000,0.0001,-0.0000
1374.00,-0.0000,-0.0000,0.0000
1375.00,-0.0000,-0.0000,0.0000
1376.00,-0.0000,0.0001,0.0001
1377.00,0.0000,-0.0001,0.0000
1378.00,-0.0000,-0.0001,0.0001
1379.00,0.0002,-0.0001,0.0000
1380.00,0.0000,0.0001,0.0001
1381.00,0.0001,-0.0000,-0.0000
1382.00,0.0001,-0.0000,0.0000
1383.00,-0.0000,0.0000,0.0000
1384.00,0.0000,-0.0000,0.0001
1385.00,0.0000,0.0001,0.0002
1386.00,0.0000,0.0000,-0.0000
1387.00,0.0000,0.0001,0.0002
1388.00,0.0001,0.0000,0.0003
1389.00,-0.0000,0.0000,0.0004
1390.00,0.0000,0.0001,0.0009
1391.00,0.0001,0.0001,0.0010
1392.00,-0.0000,0.0000,0.0007
1393.00,-0.0000,0.0000,0.0007
1394.00,-0.0000,0.0000,0.0003
1395.00,0.0001,0.0000,0.0002
1396.00,-0.0000,-0.0000,0.0002
1397.00,0.0000,-0.0000,0.0002
1398.00,0.0000,0.0001,0.0001
1399.00,-0.0001,0.0000,0.0001
1400.00,0.0000,-0.0001,0.0001
1401.00,0.0001,-0.0001,0.0001
1402.00,0.0001,0.0000,0.0001
1403.00,0.0001,0.0000,0.0002
1404.00,-0.0000,0.0000,0.0001
1405.00,0.0000,-0.0001,0.0002
1406.00,-0.0000,-0.0000,-0.0000
1407.00,0.0000,0.0000,0.0000
1408.00,0.0001,0.0000,-0.0001
1409.00,-0.0001,-0.0000,0.0000
1410.00,0.0001,-0.0001,0.0001
1411.00,0.0000,0.0001,0.0001
1412.00,-0.0000,-0.0001,0.0002
1413.00,0.0001,-0.0001,-0.0000
1414.00,-0.0001,-0.0000,0.0001
1415.00,-0.0001,0.0001,0.0002
1416.00,0.0001,-0.0000,0.0002
1417.00,0.0001,0.0000,0.0003
1418.00,0.0002,0.0001,0.0004
1419.00,0.0001,0.0000,0.0005
1420.00,0.0003,0.0000,0.0005
1421.00,0.0002,0.0000,0.0003
1422.00,0.0000,-0.0001,0.0002
1423.00,0.0001,-0.0000,0.0002
1424.00,0.0001,-0.0001,0.0003
1425.00,0.0000,-0.0001,0.0004
1426.00,0.0000,-0.0001,0.0001
1427.00,0.0000,-0.0000,0.0003
1428.00,-0.0000,0.0000,-0.0000
1429.00,0.0001,0.0000,0.0001
1430.00,-0.0001,0.0000,0.0001
1431.00,0.0000,-0.0000,0.0001
1432.00,0.0000,-0.0001,0.0001
1433.00,0.0000,0.0000,0.0002
1434.00,0.0000,-0.0000,0.0000
1435.00,-0.0000,-0.0000,-0.0000
1436.00,-0.0000,-0.0000,-0.0001
1437.00,0.0000,-0.0000,-0.0001
1438.00,0.0000,-0.0001,-0.0000
1439.00,0.0001,0.0000,0.0000
1440.00,-0.0000,-0.0000,-0.0000
1441.00,0.0000,0.0000,0.0000
1442.00,0.0001,-0.0000,0.0001
1443.00,0.0001,-0.0000,-0.0000
1444.00,-0.0000,0.0000,0.0002
1445.00,0.0000,-0.0001,0.0001
1446.00,-0.0001,0.0000,0.0002
1447.00,0.0000,0.0002,0.0002
1448.00,0.0001,-0.0000,0.0002
1449.00,0.0001,0.0000,0.0003
1450.00,0.0001,-0.0000,0.0001
1451.00,0.0001,0.0000,0.0007
1452.00,0.0001,0.0000,0.0006
1453.00,0.0001,-0.0000,0.0006
1454.00,0.0001,-0.0000,0.0003
1455.00,-0.0001,-0.0001,0.0003
1456.00,0.0000,0.0000,0.0003
1457.00,0.0001,0.0000,0.0004
1458.00,0.0001,0.0001,0.0001
1459.00,0.0001,0.0000,0.0001
1460.00,0.0000,-0.0001,0.0002
1461.00,-0.0000,-0.0001,0.0001
1462.00,-0.0001,0.0000,0.0001
1463.00,0.0000,-0.0000,0.0001
1464.00,0.0000,-0.0002,0.0000
1465.00,-0.0000,-0.0000,-0.0000
1466.00,0.0000,-0.0000,0.0000
1467.00,0.0001,0.0000,0.0000
1468.00,0.0001,-0.0001,0.0001
1469.00,-0.0000,0.0000,0.0001
1470.00,0.0000,-0.0001,0.0001
1471.00,0.0001,0.0000,0.0001
1472.00,0.0001,0.0000,0.0001
1473.00,0.0000,0.0001,0.0002
1474.00,-0.0000,0.0001,0.0001
1475.00,0.0000,0.0000,0.0003
1476.00,-0.0000,0.0000,0.0004
1477.00,0.0000,0.0000,0.0003
1478.00,0.0001,0.0000,0.0006
1479.00,0.0001,0.0000,0.0009
1480.00,0.0001,-0.0000,0.0007
1481.00,0.0001,0.0000,0.0008
1482.00,0.0001,-0.0001,0.0007
1483.00,0.0000,0.0000,0.0004
1484.00,0.0000,-0.0001,0.0005
1485.00,-0.0000,-0.0000,0.0004
1486.00,0.0000,-0.0001,0.0003
1487.00,0.0001,-0.0000,0.0003
1488.00,-0.0001,-0.0001,0.0002
1489.00,-0.0000,-0.0000,0.0002
1490.00,-0.0000,-0.0001,0.0001
1491.00,-0.0001,-0.0000,0.0002
1492.00,0.0000,-0.0001,-0.0000
1493.00,-0.0000,-0.0001,-0.0001
1494.00,0.0000,0.0001,0.0001
1495.00,-0.0001,0.0000,-0.0000
1496.00,0.0001,0.0001,0.0000
1497.00,-0.0001,-0.0000,0.0001
1498.00,0.0000,0.0003,-0.0000
1499.00,0.0000,0.0000,0.0002
1500.00,0.0000,0.0002,0.0001
1501.00,-0.0000,0.0000,0.0002
1502.00,0.0001,0.0001,0.0002
1503.00,0.0001,-0.0000,0.0004
1504.00,0.0002,-0.0000,0.0005
1505.00,0.0001,-0.0001,0.0003
1506.00,0.0001,0.0001,0.0006
1507.00,0.0003,-0.0001,0.0010
1508.00,0.0001,-0.0001,0.0009
1509.00,0.0001,-0.0000,0.0008
1510.00,0.0001,-0.0000,0.0007
1511.00,0.0001,-0.0000,0.0003
1512.00,0.0000,0.0001,0.0004
1513.00,0.0000,-0.0000,0.0003
1514.00,0.0000,-0.0000,0.0002
1515.00,0.0000,0.0000,0.0003
1516.00,0.0000,-0.0001,0.0001
1517.00,0.0001,0.0000,0.0002
1518.00,-0.0000,-0.0000,0.0002
1519.00,-0.0000,0.0000,-0.0000
1520.00,-0.0001,0.0001,0.0003
1521.00,0.0001,0.0001,0.0000
1522.00,0.0001,-0.0000,0.0001
1523.00,-0.0000,0.0002,-0.0001
1524.00,-0.0000,0.0001,0.0001
1525.00,-0.0001,0.0000,0.0001
1526.00,0.0000,0.0001,0.0001
1527.00,-0.0000,0.0002,0.0001
1528.00,-0.0001,-0.0001,0.0002
1529.00,-0.0000,0.0000,0.0001
1530.00,0.0001,-0.0000,0.0004
1531.00,0.0001,0.0000,0.0003
1532.00,-0.0000,-0.0001,0.0004
1533.00,0.0000,-0.0000,0.0004
1534.00,0.0002,-0.0001,0.0007
1535.00,0.0002,-0.0000,0.0006
1536.00,0.0001,-0.0000,0.0009
1537.00,0.0004,-0.0001,0.0008
1538.00,0.0001,0.0000,0.0003
1539.00,0.0001,0.0000,0.0003
1540.00,-0.0000,0.0000,0.0005
1541.00,-0.0000,-0.0000,0.0003
1542.00,0.0000,-0.0001,0.0003
1543.00,-0.0000,0.0000,0.0003
1544.00,-0.0000,-0.0000,0.0001
1545.00,-0.0000,-0.0000,0.0001
1546.00,-0.0001,-0.0001,0.0001
1547.00,-0.0000,-0.0002,0.0002
1548.00,0.0000,0.0000,0.0001
1549.00,0.0001,0.0000,0.0002
1550.00,-0.0001,-0.0000,0.0000
1551.00,0.0002,0.0000,0.0002
1552.00,-0.0001,-0.0000,0.0001
1553.00,0.0000,0.0001,0.0001
1554.00,0.0001,0.0001,0.0001
1555.00,-0.0000,0.0000,0.0000
1556.00,0.0000,0.0000,0.0002
1557.00,0.0001,0.0001,0.0002
1558.00,0.0001,0.0001,0.0003
1559.00,0.0002,0.0000,0.0002
1560.00,0.0001,0.0000,0.0003
1561.00,0.0001,0.0001,0.0002
1562.00,0.0000,0.0000,0.0006
1563.00,0.0001,-0.0000,0.0005
1564.00,0.0000,-0.0001,0.0006
1565.00,-0.0000,-0.0000,0.0004
1566.00,0.0000,-0.0000,0.0001
1567.00,-0.0000,-0.0000,0.0002
1568.00,0.0000,0.0000,0.0001
1569.00,0.0001,-0.0000,0.0001
1570.00,-0.0000,-0.0000,0.0001
1571.00,0.0001,-0.0000,0.0001
1572.00,-0.0000,0.0001,0.0002
1573.00,0.0001,0.0000,0.0000
1574.00,0.0000,-0.0000,0.0001
1575.00,-0.0000,-0.0000,0.0002
1576.00,0.0001,0.0000,0.0001
1577.00,-0.0000,0.0000,-0.0000
1578.00,-0.0000,-0.0001,0.0001
1579.00,0.0000,-0.0000,0.0001
1580.00,0.0000,-0.0000,0.0002
1581.00,0.0001,-0.0001,0.0000
1582.00,0.0001,0.0001,0.0002
1583.00,0.0001,0.0000,0.0001
1584.00,0.0001,-0.0000,0.0002
1585.00,0.0003,0.0000,0.0003
1586.00,0.0003,-0.0000,0.0001
1587.00,0.0002,0.0000,0.0002
1588.00,0.0001,-0.0000,0.0001
1589.00,0.0000,0.0000,0.0002
1590.00,0.0001,0.0000,0.0002
1591.00,0.0000,0.0000,0.0002
1592.00,0.0001,-0.0000,0.0003
1593.00,0.0000,-0.0000,0.0001
1594.00,0.0001,0.0000,0.0002
1595.00,0.0001,-0.0000,0.0003
1596.00,-0.0000,-0.0000,0.0002
1597.00,-0.0000,-0.0001,-0.0000
1598.00,0.0000,-0.0001,0.0002
1599.00,-0.0001,-0.0000,0.0002
1600.00,0.0001,0.0000,0.0001
1601.00,-0.0000,0.0001,0.0001
1602.00,0.0001,0.0001,-0.0000
1603.00,-0.0000,0.0001,0.0000
1604.00,-0.0000,-0.0001,-0.0001
1605.00,-0.0001,0.0001,0.0001
1606.00,0.0000,-0.0000,0.0000
1607.00,0.0001,-0.0000,0.0002
1608.00,-0.0001,-0.0000,0.0000
1609.00,0.0000,0.0000,0.0003
1610.00,0.0000,0.0000,0.0003
1611.00,0.0002,-0.0001,0.0002
1612.00,0.0003,-0.0000,0.0003
1613.00,0.0003,0.0000,0.0005
1614.00,0.0003,0.0000,0.0005
1615.00,0.0003,0.0000,0.0007
1616.00,0.0001,-0.0000,0.0004
1617.00,0.0001,-0.0001,0.0001
1618.00,-0.0000,0.0000,0.0003
1619.00,0.0000,-0.0001,0.0002
1620.00,-0.0000,0.0001,0.0001
1621.00,-0.0000,-0.0001,0.0001
1622.00,-0.0000,-0.0000,0.0001
1623.00,0.0001,-0.0000,0.0002
1624.00,-0.0000,-0.0000,0.0002
1625.00,0.0000,-0.0000,0.0001
1626.00,0.0000,0.0001,-0.0000
1627.00,0.0001,0.0001,-0.0001
1628.00,-0.0000,0.0000,0.0001
1629.00,0.0000,-0.0000,0.0001
1630.00,-0.0000,0.0000,0.0000
1631.00,-0.0000,0.0001,0.0001
1632.00,0.0001,-0.0000,-0.0001
1633.00,-0.0000,0.0000,0.0000
1634.00,0.0000,-0.0001,0.0000
1635.00,0.0000,-0.0001,0.0002
1636.00,0.0001,0.0000,0.0000
1637.00,0.0001,-0.0000,0.0000
1638.00,0.0002,-0.0000,0.0001
1639.00,0.0002,0.0000,0.0002
1640.00,0.0001,-0.0000,0.0001
1641.00,0.0003,-0.0000,0.0003
1642.00,0.0003,-0.0000,0.0003
1643.00,0.0002,-0.0000,0.0004
1644.00,0.0002,0.0001,0.0003
1645.00,0.0001,-0.0000,0.0004
1646.00,0.0000,-0.0001,0.0005
1647.00,0.0000,0.0000,0.0006
1648.00,0.0001,0.0000,0.0005
1649.00,0.0000,-0.0000,0.0005
1650.00,0.0000,0.0000,0.0002
1651.00,0.0001,-0.0001,0.0003
1652.00,0.0001,0.0000,0.0003
1653.00,0.0001,0.0001,0.0002
1654.00,0.0000,-0.0000,0.0003
1655.00,-0.0000,0.0000,0.0002
1656.00,0.0001,-0.0000,0.0000
1657.00,-0.0001,-0.0000,0.0000
1658.00,-0.0000,0.0000,0.0001
1659.00,0.0000,-0.0001,-0.0001
1660.00,-0.0000,0.0000,0.0001
1661.00,-0.0001,0.0001,0.0002
1662.00,-0.0000,-0.0000,-0.0000
1663.00,0.0000,-0.0000,0.0000
1664.00,-0.0000,0.0000,0.0002
1665.00,0.0001,0.0000,0.0002
1666.00,0.0002,0.0001,0.0003
1667.00,-0.0000,-0.0000,0.0004
1668.00,0.0002,0.0001,0.0004
1669.00,0.0002,-0.0001,0.0004
1670.00,0.0005,0.0001,0.0007
1671.00,0.0002,-0.0000,0.0005
1672.00,0.0001,-0.0000,0.0005
1673.00,0.0001,0.0000,0.0006
1674.00,0.0001,-0.0001,0.0013
1675.00,0.0000,0.0000,0.0012
1676.00,0.0001,0.0000,0.0008
1677.00,0.0000,-0.0000,0.0007
1678.00,-0.0000,-0.0001,0.0005
1679.00,-0.0000,0.0000,0.0004
1680.00,0.0001,0.0001,0.0005
1681.00,-0.0000,-0.0001,0.0003
1682.00,-0.0000,0.0000,0.0005
1683.00,0.0001,0.0001,0.0003
1684.00,0.0000,0.0000,0.0002
1685.00,-0.0000,0.0000,0.0002
1686.00,-0.0000,0.0001,0.0000
1687.00,-0.0000,0.0001,0.0001
1688.00,-0.0000,-0.0000,-0.0001
1689.00,-0.0000,0.0000,0.0003
1690.00,-0.0001,0.0001,-0.0000
1691.00,0.0000,0.0001,0.0002
1692.00,0.0001,0.0001,0.0002
1693.00,0.0000,0.0001,0.0003
1694.00,0.0001,-0.0001,0.0002
1695.00,0.0001,0.0001,0.0002
1696.00,0.0003,0.0001,0.0003
1697.00,0.0003,0.0000,0.0004
1698.00,0.0004,0.0001,0.0005
1699.00,0.0002,-0.0001,0.0006
1700.00,0.0001,-0.0000,0.0004
1701.00,0.0001,0.0001,0.0004
1702.00,0.0001,-0.0000,0.0006
1703.00,0.0002,-0.0000,0.0007
1704.00,0.0000,0.0001,0.0008
1705.00,0.0001,-0.0000,0.0003
1706.00,-0.0001,0.0001,0.0003
1707.00,0.0000,-0.0000,0.0003
1708.00,0.0001,0.0000,0.0002
1709.00,0.0001,-0.0000,0.0001
1710.00,0.0001,-0.0000,0.0003
1711.00,0.0001,0.0001,0.0001
1712.00,0.0000,0.0000,0.0001
1713.00,-0.0001,-0.0001,-0.0000
1714.00,0.0001,-0.0001,-0.0000
1715.00,0.0000,0.0000,-0.0001
1716.00,-0.0000,-0.0001,0.0000
1717.00,0.0000,-0.0000,0.0001
1718.00,0.0000,0.0000,-0.0001
1719.00,0.0000,-0.0001,-0.0000
1720.00,0.0001,0.0000,0.0001
1721.00,-0.0000,-0.0000,0.0001
1722.00,0.0001,0.0002,0.0000
1723.00,-0.0000,0.0000,0.0001
1724.00,0.0000,-0.0000,0.0000
1725.00,0.0001,0.0001,0.0000
1726.00,0.0000,0.0001,0.0002
1727.00,0.0001,0.0000,0.0003
1728.00,-0.0001,0.0000,0.0002
1729.00,0.0001,-0.0000,0.0004
1730.00,0.0001,-0.0001,0.0004
1731.00,0.0000,0.0001,0.0002
1732.00,0.0000,0.0001,0.0002
1733.00,-0.0000,-0.0001,0.0003
1734.00,0.0000,-0.0001,0.0001
1735.00,0.0001,0.0000,0.0001
1736.00,0.0000,0.0001,0.0001
1737.00,0.0000,0.0000,0.0001
1738.00,0.0000,-0.0000,0.0002
1739.00,0.0001,0.0001,-0.0000
1740.00,0.0000,0.0000,-0.0000
1741.00,0.0001,-0.0001,-0.0001
1742.00,0.0000,0.0001,0.0001
1743.00,-0.0001,0.0001,0.0001
1744.00,-0.0000,-0.0001,-0.0000
1745.00,-0.0000,0.0000,-0.0001
1746.00,0.0001,-0.0000,-0.0001
1747.00,-0.0000,0.0000,0.0001
1748.00,-0.0001,0.0000,0.0002
1749.00,-0.0000,0.0001,0.0000
1750.00,-0.0001,0.0001,0.0001
1751.00,-0.0000,0.0001,0.0002
1752.00,0.0000,0.0001,0.0003
1753.00,0.0000,0.0000,0.0001
1754.00,0.0001,0.0000,0.0004
1755.00,-0.0000,0.0001,0.0001
1756.00,0.0001,-0.0001,0.0001
1757.00,0.0000,-0.0000,0.0003
1758.00,0.0000,-0.0000,0.0002
1759.00,-0.0001,0.0001,0.0003
1760.00,-0.0000,0.0000,0.0002
1761.00,0.0001,0.0000,-0.0001
1762.00,-0.0000,-0.0001,0.0000
1763.00,0.0001,-0.0000,0.0001
1764.00,-0.0000,-0.0000,0.0001
1765.00,-0.0000,0.0000,-0.0000
1766.00,0.0000,-0.0001,-0.0001
1767.00,0.0001,-0.0000,0.0000
1768.00,0.0000,-0.0001,0.0001
1769.00,-0.0000,0.0001,0.0002
1770.00,0.0001,0.0000,0.0001
1771.00,0.0000,-0.0001,-0.0001
1772.00,-0.0001,-0.0000,-0.0001
1773.00,0.0000,-0.0000,0.0001
1774.00,0.0000,0.0000,-0.0001
1775.00,0.0000,0.0000,0.0001
1776.00,-0.0000,-0.0000,-0.0000
1777.00,-0.0001,-0.0000,-0.0001
1778.00,-0.0000,-0.0000,0.0001
1779.00,0.0001,-0.0000,0.0001
1780.00,0.0000,0.0001,0.0002
1781.00,-0.0001,0.0001,0.0003
1782.00,0.0001,0.0001,0.0002
1783.00,0.0001,0.0000,0.0002
1784.00,0.0000,0.0000,0.0002
1785.00,0.0000,0.0000,0.0001
1786.00,0.0000,0.0000,0.0004
1787.00,0.0001,0.0000,0.0002
1788.00,-0.0000,0.0002,0.0002
1789.00,0.0001,-0.0001,0.0001
1790.00,-0.0000,-0.0001,0.0000
1791.00,0.0001,-0.0001,0.0000
1792.00,-0.0001,0.0000,0.0002
1793.00,-0.0000,-0.0000,0.0000
1794.00,0.0000,0.0000,0.0000
1795.00,-0.0000,0.0000,-0.0001
1796.00,0.0001,-0.0000,-0.0000
1797.00,-0.0000,-0.0000,-0.0001
1798.00,-0.0000,-0.0000,0.0001
1799.00,-0.0000,0.0000,-0.0000
1800.00,0.0000,0.0001,-0.0001
1801.00,-0.0000,-0.0000,0.0000
1802.00,-0.0001,0.0000,0.0001
1803.00,-0.0000,-0.0000,0.0000
1804.00,-0.0000,0.0000,0.0002
1805.00,0.0001,0.0000,0.0001
1806.00,0.0001,0.0002,0.0002
1807.00,0.0001,0.0002,0.0003
1808.00,0.0001,0.0001,0.0004
1809.00,0.0001,-0.0000,0.0005
1810.00,0.0002,0.0001,0.0003
1811.00,0.0001,0.0000,0.0001
1812.00,-0.0000,0.0001,0.0001
1813.00,-0.0001,0.0001,0.0002
1814.00,0.0000,-0.0000,0.0002
1815.00,0.0000,0.0001,0.0001
1816.00,0.0000,0.0001,-0.0000
1817.00,0.0000,0.0001,0.0001
1818.00,0.0001,0.0000,-0.0000
1819.00,0.0000,-0.0001,0.0001
1820.00,-0.0000,0.0001,0.0001
1821.00,-0.0000,-0.0001,0.0002
1822.00,0.0001,0.0000,0.0001
1823.00,-0.0001,0.0000,-0.0001
1824.00,-0.0001,0.0001,-0.0001
1825.00,-0.0000,-0.0000,-0.0001
1826.00,-0.0000,-0.0000,-0.0001
1827.00,0.0001,-0.0000,0.0001
1828.00,0.0000,0.0001,-0.0000
1829.00,0.0001,0.0001,-0.0001
1830.00,-0.0000,0.0001,0.0001
1831.00,0.0001,-0.0001,0.0001
1832.00,0.0001,-0.0000,0.0002
1833.00,-0.0000,0.0000,0.0002
1834.00,-0.0000,0.0001,0.0001
1835.00,0.0000,0.0001,0.0001
1836.00,0.0001,0.0001,0.0002
1837.00,0.0001,-0.0000,0.0003
1838.00,0.0001,0.0000,0.0002
1839.00,0.0000,-0.0000,0.0001
1840.00,0.0001,0.0000,0.0000
1841.00,0.0001,0.0001,0.0000
1842.00,-0.0000,0.0000,-0.0000
1843.00,0.0001,-0.0001,0.0001
1844.00,0.0000,-0.0000,0.0001
1845.00,0.0001,-0.0001,0.0001
1846.00,-0.0001,-0.0000,0.0001
1847.00,-0.0000,-0.0001,0.0000
1848.00,0.0000,-0.0000,-0.0000
1849.00,0.0000,0.0001,0.0001
1850.00,0.0001,0.0001,-0.0000
1851.00,0.0001,0.0001,0.0001
1852.00,0.0001,-0.0000,-0.0001
1853.00,0.0001,-0.0000,0.0001
1854.00,-0.0000,0.0000,-0.0001
1855.00,0.0000,-0.0000,0.0000
1856.00,-0.0000,0.0000,0.0000
1857.00,-0.0001,-0.0000,0.0000
1858.00,0.0000,0.0000,0.0002
1859.00,0.0001,0.0000,0.0002
1860.00,-0.0001,0.0001,0.0001
1861.00,0.0001,0.0000,0.0002
1862.00,-0.0000,0.0001,0.0002
1863.00,0.0000,-0.0000,0.0002
1864.00,-0.0001,-0.0000,0.0003
1865.00,0.0000,-0.0000,0.0004
1866.00,0.0001,0.0000,0.0002
1867.00,0.0000,0.0000,0.0003
1868.00,-0.0000,-0.0000,0.0001
1869.00,0.0001,-0.0000,0.0001
1870.00,0.0001,-0.0000,0.0001
1871.00,0.0000,-0.0000,0.0003
1872.00,-0.0001,-0.0001,-0.0000
1873.00,-0.0000,-0.0000,0.0001
1874.00,0.0000,0.0000,-0.0001
1875.00,0.0000,0.0001,-0.0000
1876.00,0.0001,-0.0000,0.0001
1877.00,0.0001,-0.0000,-0.0001
1878.00,-0.0000,-0.0000,0.0001
1879.00,-0.0000,-0.0000,0.0001
1880.00,0.0000,-0.0000,0.0000
1881.00,0.0001,-0.0000,-0.0000
1882.00,0.0000,0.0000,0.0001
1883.00,0.0001,-0.0000,0.0000
1884.00,0.0000,0.0000,-0.0000
1885.00,0.0001,0.0001,0.0001
1886.00,0.0002,0.0000,0.0001
1887.00,0.0000,0.0000,0.0002
1888.00,0.0000,0.0001,0.0002
1889.00,-0.0000,0.0002,0.0000
1890.00,-0.0000,0.0001,0.0001
1891.00,0.0001,0.0000,0.0004
1892.00,-0.0000,0.0001,0.0002
1893.00,-0.0000,-0.0000,0.0004
1894.00,-0.0000,0.0001,0.0002
1895.00,0.0001,0.0001,0.0002
1896.00,0.0000,0.0001,0.0001
1897.00,-0.0000,-0.0000,0.0002
1898.00,0.0001,0.0000,0.0002
1899.00,0.0000,0.0000,0.0001
1900.00,-0.0000,0.0000,0.0000
1901.00,0.0000,-0.0000,0.0001
1902.00,-0.0001,0.0000,-0.0000
1903.00,0.0000,0.0001,0.0001
1904.00,0.0001,-0.0001,0.0002
1905.00,-0.0000,0.0000,0.0000
1906.00,0.0000,0.0001,-0.0001
1907.00,0.0000,-0.0000,-0.0001
1908.00,0.0001,-0.0000,-0.0000
1909.00,-0.0001,0.0000,-0.0001
1910.00,0.0001,0.0000,-0.0001
1911.00,-0.0001,-0.0000,0.0000
1912.00,0.0000,0.0000,0.0001
1913.00,0.0000,0.0000,0.0002
1914.00,0.0000,0.0000,0.0001
1915.00,0.0001,-0.0000,0.0000
1916.00,0.0000,-0.0001,0.0002
1917.00,-0.0001,0.0000,0.0003
1918.00,0.0001,0.0000,0.0001
1919.00,0.0001,-0.0000,0.0003
1920.00,0.0001,0.0000,0.0004
1921.00,0.0000,0.0000,0.0004
1922.00,-0.0000,0.0001,0.0002
1923.00,-0.0000,0.0000,-0.0000
1924.00,-0.0000,0.0000,0.0000
1925.00,0.0000,-0.0000,0.0004
1926.00,0.0000,0.0000,0.0002
1927.00,0.0000,0.0001,0.0003
1928.00,-0.0000,-0.0000,-0.0001
1929.00,-0.0000,-0.0001,-0.0001
1930.00,0.0001,-0.0000,0.0002
1931.00,0.0001,0.0001,0.0002
1932.00,-0.0001,-0.0000,0.0000
1933.00,-0.0001,-0.0000,-0.0001
1934.00,0.0000,-0.0001,0.0000
1935.00,0.0000,0.0001,0.0000
1936.00,-0.0000,0.0001,0.0002
1937.00,-0.0000,0.0001,0.0002
1938.00,-0.0000,0.0000,0.0001
1939.00,0.0000,-0.0001,-0.0001
1940.00,0.0000,-0.0000,0.0001
1941.00,0.0001,0.0001,-0.0001
1942.00,0.0001,0.0001,-0.0000
1943.00,-0.0000,0.0000,0.0000
1944.00,-0.0001,-0.0001,-0.0000
1945.00,-0.0001,-0.0000,0.0002
1946.00,0.0001,0.0000,0.0000
1947.00,0.0000,-0.0000,0.0003
1948.00,-0.0000,-0.0000,0.0003
1949.00,-0.0001,-0.0000,0.0001
1950.00,0.0001,-0.0000,0.0002
1951.00,0.0000,-0.0000,0.0000
1952.00,0.0001,0.0000,0.0004
1953.00,-0.0000,0.0000,0.0004
1954.00,0.0001,0.0000,0.0005
1955.00,0.0001,0.0001,0.0005
1956.00,0.0000,0.0000,0.0002
1957.00,0.0000,0.0001,0.0003
1958.00,0.0000,0.0002,-0.0000
1959.00,-0.0001,-0.0000,0.0001
1960.00,0.0001,-0.0001,0.0002
1961.00,-0.0000,-0.0000,0.0001
1962.00,-0.0001,-0.0000,0.0001
1963.00,-0.0000,0.0001,0.0002
1964.00,0.0000,-0.0000,-0.0000
1965.00,0.0001,0.0000,-0.0000
1966.00,-0.0000,0.0000,0.0001
1967.00,-0.0000,0.0001,0.0001
1968.00,-0.0000,0.0000,-0.0000
1969.00,0.0001,-0.0000,0.0003
1970.00,-0.0000,0.0000,0.0001
1971.00,0.0001,-0.0000,0.0002
1972.00,-0.0000,-0.0000,0.0002
1973.00,-0.0000,-0.0000,0.0000
1974.00,0.0001,0.0001,0.0002
1975.00,0.0000,0.0000,0.0001
1976.00,0.0000,0.0000,0.0002
1977.00,-0.0000,-0.0000,0.0001
1978.00,0.0000,-0.0000,0.0003
1979.00,0.0000,-0.0000,0.0003
1980.00,0.0000,-0.0000,0.0005
1981.00,0.0000,-0.0000,0.0004
1982.00,0.0000,0.0000,0.0004
1983.00,-0.0000,0.0001,0.0001
1984.00,0.0000,0.0001,0.0004
1985.00,0.0000,0.0000,0.0002
1986.00,0.0000,-0.0001,-0.0000
1987.00,-0.0000,0.0000,0.0001
1988.00,0.0000,-0.0000,0.0002
1989.00,0.0000,-0.0000,0.0001
1990.00,-0.0000,0.0001,0.0001
1991.00,-0.0000,0.0001,-0.0000
1992.00,-0.0000,-0.0000,0.0001
1993.00,-0.0000,-0.0000,0.0001
1994.00,-0.0000,0.0001,-0.0001
1995.00,-0.0001,-0.0000,-0.0001
1996.00,-0.0000,-0.0000,-0.0001
1997.00,-0.0000,0.0000,0.0000
1998.00,0.0002,-0.0001,0.0000
1999.00,-0.0000,-0.0001,-0.0001
2000.00,0.0000,-0.0000,0.0001
2001.00,-0.0001,0.0001,0.0001
2002.00,-0.0001,0.0000,0.0000
2003.00,-0.0001,-0.0000,0.0002
2004.00,0.0001,0.0000,0.0002
2005.00,0.0001,0.0000,0.0001
2006.00,0.0001,0.0000,0.0003
2007.00,0.0000,0.0000,0.0004
2008.00,0.0001,-0.0000,0.0004
2009.00,0.0000,0.0001,0.0002
2010.00,0.0000,-0.0000,0.0004
2011.00,0.0001,0.0000,0.0001
2012.00,0.0001,-0.0001,0.0001
2013.00,0.0001,-0.0000,0.0000
2014.00,0.0000,-0.0000,0.0001
2015.00,0.0000,-0.0000,0.0001
2016.00,0.0001,0.0001,0.0001
2017.00,-0.0000,-0.0000,0.0001
2018.00,0.0001,0.0000,0.0002
2019.00,-0.0001,0.0002,-0.0000
2020.00,0.0000,0.0000,0.0001
2021.00,0.0000,0.0001,-0.0001
2022.00,0.0000,0.0000,-0.0000
2023.00,0.0000,0.0001,0.0001
2024.00,0.0000,0.0001,-0.0000
2025.00,0.0000,0.0000,0.0000
2026.00,0.0000,0.0000,0.0002
2027.00,0.0000,0.0000,0.0002
2028.00,-0.0001,-0.0000,0.0000
2029.00,0.0001,0.0000,-0.0000
2030.00,-0.0000,-0.0000,0.0002
2031.00,-0.0000,-0.0001,0.0003
2032.00,-0.0001,0.0000,0.0003
2033.00,0.0001,0.0000,0.0002
2034.00,-0.0000,0.0000,0.0001
2035.00,0.0000,0.0001,0.0002
2036.00,-0.0000,0.0000,0.0003
2037.00,-0.0000,0.0001,0.0004
2038.00,0.0001,-0.0000,0.0000
2039.00,-0.0000,0.0000,0.0001
2040.00,0.0000,-0.0000,0.0002
2041.00,0.0000,0.0000,0.0001
2042.00,-0.0000,-0.0000,-0.0000
2043.00,0.0000,-0.0000,0.0001
2044.00,0.0000,-0.0000,-0.0000
2045.00,-0.0001,-0.0000,0.0000
2046.00,-0.0001,0.0000,-0.0001
2047.00,-0.0000,0.0000,-0.0001
